EmailId,SenderEmail,SenderName,RecipientEmail,EmailBody,SenderDomainReputation,SenderFirstSeenDaysAgo,HasUnsubscribeLink,AttachmentCount,IsExternalSender,SentHourUtc,RecipientCount,IsSpam
EML0001,alicejohnson@company.com,AliceJohnson,user1@example.com,meeting_notes_review,0.68,137,1,1,1,9,2,false
EML0002,prizedesk@winner-offers.net,PrizeDesk,user2@example.com,urgent_claim_reward_now,0.16,6,0,2,1,0,8,true
EML0003,bobsmith@partner.org,BobSmith,user3@example.com,monthly_report_shared,0.74,171,0,3,0,11,4,false
EML0004,quickloans@quickloan-now.biz,QuickLoans,user4@example.com,verify_password_immediately,0.24,12,1,0,1,1,10,true
EML0005,carollee@school.edu,CarolLee,team@example.com,please_confirm_availability,0.8,205,1,5,0,13,6,false
EML0006,cryptosignals@secure-alerts.info,CryptoSignals,user1@example.com,loan_approved_apply_now,0.32,18,0,2,1,2,12,true
EML0007,davidkim@bank.com,DavidKim,user2@example.com,invoice_attached_for_review,0.86,239,1,1,0,15,1,false
EML0008,flashdeals@mail-prize.click,FlashDeals,user3@example.com,payment_failed_update_card,0.4,24,1,0,1,3,14,true
EML0009,emmadavis@shop.net,EmmaDavis,user4@example.com,order_shipped_tomorrow,0.92,273,0,3,0,17,3,false
EML0010,supportcenter@freegift-now.co,SupportCenter,team@example.com,exclusive_crypto_profit,0.08,30,0,2,1,4,16,true
EML0011,frankmoore@company.com,FrankMoore,user1@example.com,timesheet_reminder_today,0.68,307,1,5,1,8,5,false
EML0012,billingteam@winner-offers.net,BillingTeam,user2@example.com,claim_gift_card_today,0.16,36,1,0,1,5,18,true
EML0013,gracehall@partner.org,GraceHall,user3@example.com,project_status_update,0.74,341,1,1,0,10,7,false
EML0014,luckydraw@quickloan-now.biz,LuckyDraw,user4@example.com,login_required_avoid_suspension,0.24,42,0,2,1,22,20,true
EML0015,henryclark@school.edu,HenryClark,team@example.com,schedule_call_next_week,0.8,375,0,3,0,12,2,false
EML0016,rewarddesk@secure-alerts.info,RewardDesk,user1@example.com,you_won_confirm_details,0.32,2,1,0,1,23,22,true
EML0017,ivyturner@bank.com,IvyTurner,user2@example.com,meeting_notes_review,0.86,409,1,5,0,14,4,false
EML0018,prizedesk@mail-prize.click,PrizeDesk,user3@example.com,urgent_claim_reward_now,0.4,8,0,2,1,0,24,true
EML0019,jackwright@shop.net,JackWright,user4@example.com,monthly_report_shared,0.92,443,1,1,0,16,6,false
EML0020,quickloans@freegift-now.co,QuickLoans,team@example.com,verify_password_immediately,0.08,14,1,0,1,1,26,true
EML0021,alicejohnson@company.com,AliceJohnson,user1@example.com,please_confirm_availability,0.68,477,0,3,1,18,1,false
EML0022,cryptosignals@winner-offers.net,CryptoSignals,user2@example.com,loan_approved_apply_now,0.16,20,0,2,1,2,28,true
EML0023,bobsmith@partner.org,BobSmith,user3@example.com,invoice_attached_for_review,0.74,511,1,5,0,9,3,false
EML0024,flashdeals@quickloan-now.biz,FlashDeals,user4@example.com,payment_failed_update_card,0.24,26,1,0,1,3,30,true
EML0025,carollee@school.edu,CarolLee,team@example.com,order_shipped_tomorrow,0.8,545,1,1,0,11,5,false
EML0026,supportcenter@secure-alerts.info,SupportCenter,user1@example.com,exclusive_crypto_profit,0.32,32,0,2,1,4,7,true
EML0027,davidkim@bank.com,DavidKim,user2@example.com,timesheet_reminder_today,0.86,579,0,3,0,13,7,false
EML0028,billingteam@mail-prize.click,BillingTeam,user3@example.com,claim_gift_card_today,0.4,38,1,0,1,5,9,true
EML0029,emmadavis@shop.net,EmmaDavis,user4@example.com,project_status_update,0.92,613,1,5,0,15,2,false
EML0030,luckydraw@freegift-now.co,LuckyDraw,team@example.com,login_required_avoid_suspension,0.08,44,0,2,1,22,11,true
EML0031,frankmoore@company.com,FrankMoore,user1@example.com,schedule_call_next_week,0.68,647,1,1,1,17,4,false
EML0032,rewarddesk@winner-offers.net,RewardDesk,user2@example.com,you_won_confirm_details,0.16,4,1,0,1,23,13,true
EML0033,gracehall@partner.org,GraceHall,user3@example.com,meeting_notes_review,0.74,681,0,3,0,8,6,false
EML0034,prizedesk@quickloan-now.biz,PrizeDesk,user4@example.com,urgent_claim_reward_now,0.24,10,0,2,1,0,15,true
EML0035,henryclark@school.edu,HenryClark,team@example.com,monthly_report_shared,0.8,715,1,5,0,10,1,false
EML0036,quickloans@secure-alerts.info,QuickLoans,user1@example.com,verify_password_immediately,0.32,16,1,0,1,1,17,true
EML0037,ivyturner@bank.com,IvyTurner,user2@example.com,please_confirm_availability,0.86,749,1,1,0,12,3,false
EML0038,cryptosignals@mail-prize.click,CryptoSignals,user3@example.com,loan_approved_apply_now,0.4,22,0,2,1,2,19,true
EML0039,jackwright@shop.net,JackWright,user4@example.com,invoice_attached_for_review,0.92,783,0,3,0,14,5,false
EML0040,flashdeals@freegift-now.co,FlashDeals,team@example.com,payment_failed_update_card,0.08,28,1,0,1,3,21,true
EML0041,alicejohnson@company.com,AliceJohnson,user1@example.com,order_shipped_tomorrow,0.68,817,1,5,1,16,7,false
EML0042,supportcenter@winner-offers.net,SupportCenter,user2@example.com,exclusive_crypto_profit,0.16,34,0,2,1,4,23,true
EML0043,bobsmith@partner.org,BobSmith,user3@example.com,timesheet_reminder_today,0.74,851,1,1,0,18,2,false
EML0044,billingteam@quickloan-now.biz,BillingTeam,user4@example.com,claim_gift_card_today,0.24,40,1,0,1,5,25,true
EML0045,carollee@school.edu,CarolLee,team@example.com,project_status_update,0.8,885,0,3,0,9,4,false
EML0046,luckydraw@secure-alerts.info,LuckyDraw,user1@example.com,login_required_avoid_suspension,0.32,0,0,2,1,22,27,true
EML0047,davidkim@bank.com,DavidKim,user2@example.com,schedule_call_next_week,0.86,919,1,5,0,11,6,false
EML0048,rewarddesk@mail-prize.click,RewardDesk,user3@example.com,you_won_confirm_details,0.4,6,1,0,1,23,29,true
EML0049,emmadavis@shop.net,EmmaDavis,user4@example.com,meeting_notes_review,0.92,953,1,1,0,13,1,false
EML0050,prizedesk@freegift-now.co,PrizeDesk,team@example.com,urgent_claim_reward_now,0.08,12,0,2,1,0,6,true
EML0051,frankmoore@company.com,FrankMoore,user1@example.com,monthly_report_shared,0.68,987,0,3,1,15,3,false
EML0052,quickloans@winner-offers.net,QuickLoans,user2@example.com,verify_password_immediately,0.16,18,1,0,1,1,8,true
EML0053,gracehall@partner.org,GraceHall,user3@example.com,please_confirm_availability,0.74,1021,1,5,0,17,5,false
EML0054,cryptosignals@quickloan-now.biz,CryptoSignals,user4@example.com,loan_approved_apply_now,0.24,24,0,2,1,2,10,true
EML0055,henryclark@school.edu,HenryClark,team@example.com,invoice_attached_for_review,0.8,1055,1,1,0,8,7,false
EML0056,flashdeals@secure-alerts.info,FlashDeals,user1@example.com,payment_failed_update_card,0.32,30,1,0,1,3,12,true
EML0057,ivyturner@bank.com,IvyTurner,user2@example.com,order_shipped_tomorrow,0.86,1089,0,3,0,10,2,false
EML0058,supportcenter@mail-prize.click,SupportCenter,user3@example.com,exclusive_crypto_profit,0.4,36,0,2,1,4,14,true
EML0059,jackwright@shop.net,JackWright,user4@example.com,timesheet_reminder_today,0.92,1123,1,5,0,12,4,false
EML0060,billingteam@freegift-now.co,BillingTeam,team@example.com,claim_gift_card_today,0.08,42,1,0,1,5,16,true
EML0061,alicejohnson@company.com,AliceJohnson,user1@example.com,project_status_update,0.68,1157,1,1,1,14,6,false
EML0062,luckydraw@winner-offers.net,LuckyDraw,user2@example.com,login_required_avoid_suspension,0.16,2,0,2,1,22,18,true
EML0063,bobsmith@partner.org,BobSmith,user3@example.com,schedule_call_next_week,0.74,1191,0,3,0,16,1,false
EML0064,rewarddesk@quickloan-now.biz,RewardDesk,user4@example.com,you_won_confirm_details,0.24,8,1,0,1,23,20,true
EML0065,carollee@school.edu,CarolLee,team@example.com,meeting_notes_review,0.8,1225,1,5,0,18,3,false
EML0066,prizedesk@secure-alerts.info,PrizeDesk,user1@example.com,urgent_claim_reward_now,0.32,14,0,2,1,0,22,true
EML0067,davidkim@bank.com,DavidKim,user2@example.com,monthly_report_shared,0.86,1259,1,1,0,9,5,false
EML0068,quickloans@mail-prize.click,QuickLoans,user3@example.com,verify_password_immediately,0.4,20,1,0,1,1,24,true
EML0069,emmadavis@shop.net,EmmaDavis,user4@example.com,please_confirm_availability,0.92,1293,0,3,0,11,7,false
EML0070,cryptosignals@freegift-now.co,CryptoSignals,team@example.com,loan_approved_apply_now,0.08,26,0,2,1,2,26,true
EML0071,frankmoore@company.com,FrankMoore,user1@example.com,invoice_attached_for_review,0.68,1327,1,5,1,13,2,false
EML0072,flashdeals@winner-offers.net,FlashDeals,user2@example.com,payment_failed_update_card,0.16,32,1,0,1,3,28,true
EML0073,gracehall@partner.org,GraceHall,user3@example.com,order_shipped_tomorrow,0.74,1361,1,1,0,15,4,false
EML0074,supportcenter@quickloan-now.biz,SupportCenter,user4@example.com,exclusive_crypto_profit,0.24,38,0,2,1,4,30,true
EML0075,henryclark@school.edu,HenryClark,team@example.com,timesheet_reminder_today,0.8,1395,0,3,0,17,6,false
EML0076,billingteam@secure-alerts.info,BillingTeam,user1@example.com,claim_gift_card_today,0.32,44,1,0,1,5,7,true
EML0077,ivyturner@bank.com,IvyTurner,user2@example.com,project_status_update,0.86,1429,1,5,0,8,1,false
EML0078,luckydraw@mail-prize.click,LuckyDraw,user3@example.com,login_required_avoid_suspension,0.4,4,0,2,1,22,9,true
EML0079,jackwright@shop.net,JackWright,user4@example.com,schedule_call_next_week,0.92,1463,1,1,0,10,3,false
EML0080,rewarddesk@freegift-now.co,RewardDesk,team@example.com,you_won_confirm_details,0.08,10,1,0,1,23,11,true
EML0081,alicejohnson@company.com,AliceJohnson,user1@example.com,meeting_notes_review,0.68,1497,0,3,1,12,5,false
EML0082,prizedesk@winner-offers.net,PrizeDesk,user2@example.com,urgent_claim_reward_now,0.16,16,0,2,1,0,13,true
EML0083,bobsmith@partner.org,BobSmith,user3@example.com,monthly_report_shared,0.74,1531,1,5,0,14,7,false
EML0084,quickloans@quickloan-now.biz,QuickLoans,user4@example.com,verify_password_immediately,0.24,22,1,0,1,1,15,true
EML0085,carollee@school.edu,CarolLee,team@example.com,please_confirm_availability,0.8,1565,1,1,0,16,2,false
EML0086,cryptosignals@secure-alerts.info,CryptoSignals,user1@example.com,loan_approved_apply_now,0.32,28,0,2,1,2,17,true
EML0087,davidkim@bank.com,DavidKim,user2@example.com,invoice_attached_for_review,0.86,1599,0,3,0,18,4,false
EML0088,flashdeals@mail-prize.click,FlashDeals,user3@example.com,payment_failed_update_card,0.4,34,1,0,1,3,19,true
EML0089,emmadavis@shop.net,EmmaDavis,user4@example.com,order_shipped_tomorrow,0.92,1633,1,5,0,9,6,false
EML0090,supportcenter@freegift-now.co,SupportCenter,team@example.com,exclusive_crypto_profit,0.08,40,0,2,1,4,21,true
EML0091,frankmoore@company.com,FrankMoore,user1@example.com,timesheet_reminder_today,0.68,1667,1,1,1,11,1,false
EML0092,billingteam@winner-offers.net,BillingTeam,user2@example.com,claim_gift_card_today,0.16,0,1,0,1,5,23,true
EML0093,gracehall@partner.org,GraceHall,user3@example.com,project_status_update,0.74,1701,0,3,0,13,3,false
EML0094,luckydraw@quickloan-now.biz,LuckyDraw,user4@example.com,login_required_avoid_suspension,0.24,6,0,2,1,22,25,true
EML0095,henryclark@school.edu,HenryClark,team@example.com,schedule_call_next_week,0.8,1735,1,5,0,15,5,false
EML0096,rewarddesk@secure-alerts.info,RewardDesk,user1@example.com,you_won_confirm_details,0.32,12,1,0,1,23,27,true
EML0097,ivyturner@bank.com,IvyTurner,user2@example.com,meeting_notes_review,0.86,1769,1,1,0,17,7,false
EML0098,prizedesk@mail-prize.click,PrizeDesk,user3@example.com,urgent_claim_reward_now,0.4,18,0,2,1,0,29,true
EML0099,jackwright@shop.net,JackWright,user4@example.com,monthly_report_shared,0.92,1803,0,3,0,8,2,false
EML0100,quickloans@freegift-now.co,QuickLoans,team@example.com,verify_password_immediately,0.08,24,1,0,1,1,6,true
EML0101,alicejohnson@company.com,AliceJohnson,user1@example.com,please_confirm_availability,0.68,1837,1,5,1,10,4,false
EML0102,cryptosignals@winner-offers.net,CryptoSignals,user2@example.com,loan_approved_apply_now,0.16,30,0,2,1,2,8,true
EML0103,bobsmith@partner.org,BobSmith,user3@example.com,invoice_attached_for_review,0.74,1871,1,1,0,12,6,false
EML0104,flashdeals@quickloan-now.biz,FlashDeals,user4@example.com,payment_failed_update_card,0.24,36,1,0,1,3,10,true
EML0105,carollee@school.edu,CarolLee,team@example.com,order_shipped_tomorrow,0.8,1905,0,3,0,14,1,false
EML0106,supportcenter@secure-alerts.info,SupportCenter,user1@example.com,exclusive_crypto_profit,0.32,42,0,2,1,4,12,true
EML0107,davidkim@bank.com,DavidKim,user2@example.com,timesheet_reminder_today,0.86,1939,1,5,0,16,3,false
EML0108,billingteam@mail-prize.click,BillingTeam,user3@example.com,claim_gift_card_today,0.4,2,1,0,1,5,14,true
EML0109,emmadavis@shop.net,EmmaDavis,user4@example.com,project_status_update,0.92,1973,1,1,0,18,5,false
EML0110,luckydraw@freegift-now.co,LuckyDraw,team@example.com,login_required_avoid_suspension,0.08,8,0,2,1,22,16,true
EML0111,frankmoore@company.com,FrankMoore,user1@example.com,schedule_call_next_week,0.68,2007,0,3,1,9,7,false
EML0112,rewarddesk@winner-offers.net,RewardDesk,user2@example.com,you_won_confirm_details,0.16,14,1,0,1,23,18,true
EML0113,gracehall@partner.org,GraceHall,user3@example.com,meeting_notes_review,0.74,2041,1,5,0,11,2,false
EML0114,prizedesk@quickloan-now.biz,PrizeDesk,user4@example.com,urgent_claim_reward_now,0.24,20,0,2,1,0,20,true
EML0115,henryclark@school.edu,HenryClark,team@example.com,monthly_report_shared,0.8,2075,1,1,0,13,4,false
EML0116,quickloans@secure-alerts.info,QuickLoans,user1@example.com,verify_password_immediately,0.32,26,1,0,1,1,22,true
EML0117,ivyturner@bank.com,IvyTurner,user2@example.com,please_confirm_availability,0.86,2109,0,3,0,15,6,false
EML0118,cryptosignals@mail-prize.click,CryptoSignals,user3@example.com,loan_approved_apply_now,0.4,32,0,2,1,2,24,true
EML0119,jackwright@shop.net,JackWright,user4@example.com,invoice_attached_for_review,0.92,2143,1,5,0,17,1,false
EML0120,flashdeals@freegift-now.co,FlashDeals,team@example.com,payment_failed_update_card,0.08,38,1,0,1,3,26,true
EML0121,alicejohnson@company.com,AliceJohnson,user1@example.com,order_shipped_tomorrow,0.68,2177,1,1,1,8,3,false
EML0122,supportcenter@winner-offers.net,SupportCenter,user2@example.com,exclusive_crypto_profit,0.16,44,0,2,1,4,28,true
EML0123,bobsmith@partner.org,BobSmith,user3@example.com,timesheet_reminder_today,0.74,2211,0,3,0,10,5,false
EML0124,billingteam@quickloan-now.biz,BillingTeam,user4@example.com,claim_gift_card_today,0.24,4,1,0,1,5,30,true
EML0125,carollee@school.edu,CarolLee,team@example.com,project_status_update,0.8,2245,1,5,0,12,7,false
EML0126,luckydraw@secure-alerts.info,LuckyDraw,user1@example.com,login_required_avoid_suspension,0.32,10,0,2,1,22,7,true
EML0127,davidkim@bank.com,DavidKim,user2@example.com,schedule_call_next_week,0.86,2279,1,1,0,14,2,false
EML0128,rewarddesk@mail-prize.click,RewardDesk,user3@example.com,you_won_confirm_details,0.4,16,1,0,1,23,9,true
EML0129,emmadavis@shop.net,EmmaDavis,user4@example.com,meeting_notes_review,0.92,2313,0,3,0,16,4,false
EML0130,prizedesk@freegift-now.co,PrizeDesk,team@example.com,urgent_claim_reward_now,0.08,22,0,2,1,0,11,true
EML0131,frankmoore@company.com,FrankMoore,user1@example.com,monthly_report_shared,0.68,2347,1,5,1,18,6,false
EML0132,quickloans@winner-offers.net,QuickLoans,user2@example.com,verify_password_immediately,0.16,28,1,0,1,1,13,true
EML0133,gracehall@partner.org,GraceHall,user3@example.com,please_confirm_availability,0.74,2381,1,1,0,9,1,false
EML0134,cryptosignals@quickloan-now.biz,CryptoSignals,user4@example.com,loan_approved_apply_now,0.24,34,0,2,1,2,15,true
EML0135,henryclark@school.edu,HenryClark,team@example.com,invoice_attached_for_review,0.8,2415,0,3,0,11,3,false
EML0136,flashdeals@secure-alerts.info,FlashDeals,user1@example.com,payment_failed_update_card,0.32,40,1,0,1,3,17,true
EML0137,ivyturner@bank.com,IvyTurner,user2@example.com,order_shipped_tomorrow,0.86,2449,1,5,0,13,5,false
EML0138,supportcenter@mail-prize.click,SupportCenter,user3@example.com,exclusive_crypto_profit,0.4,0,0,2,1,4,19,true
EML0139,jackwright@shop.net,JackWright,user4@example.com,timesheet_reminder_today,0.92,2483,1,1,0,15,7,false
EML0140,billingteam@freegift-now.co,BillingTeam,team@example.com,claim_gift_card_today,0.08,6,1,0,1,5,21,true
EML0141,alicejohnson@company.com,AliceJohnson,user1@example.com,project_status_update,0.68,2517,0,3,1,17,2,false
EML0142,luckydraw@winner-offers.net,LuckyDraw,user2@example.com,login_required_avoid_suspension,0.16,12,0,2,1,22,23,true
EML0143,bobsmith@partner.org,BobSmith,user3@example.com,schedule_call_next_week,0.74,2551,1,5,0,8,4,false
EML0144,rewarddesk@quickloan-now.biz,RewardDesk,user4@example.com,you_won_confirm_details,0.24,18,1,0,1,23,25,true
EML0145,carollee@school.edu,CarolLee,team@example.com,meeting_notes_review,0.8,2585,1,1,0,10,6,false
EML0146,prizedesk@secure-alerts.info,PrizeDesk,user1@example.com,urgent_claim_reward_now,0.32,24,0,2,1,0,27,true
EML0147,davidkim@bank.com,DavidKim,user2@example.com,monthly_report_shared,0.86,2619,0,3,0,12,1,false
EML0148,quickloans@mail-prize.click,QuickLoans,user3@example.com,verify_password_immediately,0.4,30,1,0,1,1,29,true
EML0149,emmadavis@shop.net,EmmaDavis,user4@example.com,please_confirm_availability,0.92,2653,1,5,0,14,3,false
EML0150,cryptosignals@freegift-now.co,CryptoSignals,team@example.com,loan_approved_apply_now,0.08,36,0,2,1,2,6,true
EML0151,frankmoore@company.com,FrankMoore,user1@example.com,invoice_attached_for_review,0.68,2687,1,1,1,16,5,false
EML0152,flashdeals@winner-offers.net,FlashDeals,user2@example.com,payment_failed_update_card,0.16,42,1,0,1,3,8,true
EML0153,gracehall@partner.org,GraceHall,user3@example.com,order_shipped_tomorrow,0.74,2721,0,3,0,18,7,false
EML0154,supportcenter@quickloan-now.biz,SupportCenter,user4@example.com,exclusive_crypto_profit,0.24,2,0,2,1,4,10,true
EML0155,henryclark@school.edu,HenryClark,team@example.com,timesheet_reminder_today,0.8,2755,1,5,0,9,2,false
EML0156,billingteam@secure-alerts.info,BillingTeam,user1@example.com,claim_gift_card_today,0.32,8,1,0,1,5,12,true
EML0157,ivyturner@bank.com,IvyTurner,user2@example.com,project_status_update,0.86,2789,1,1,0,11,4,false
EML0158,luckydraw@mail-prize.click,LuckyDraw,user3@example.com,login_required_avoid_suspension,0.4,14,0,2,1,22,14,true
EML0159,jackwright@shop.net,JackWright,user4@example.com,schedule_call_next_week,0.92,2823,0,3,0,13,6,false
EML0160,rewarddesk@freegift-now.co,RewardDesk,team@example.com,you_won_confirm_details,0.08,20,1,0,1,23,16,true
EML0161,alicejohnson@company.com,AliceJohnson,user1@example.com,meeting_notes_review,0.68,2857,1,5,1,15,1,false
EML0162,prizedesk@winner-offers.net,PrizeDesk,user2@example.com,urgent_claim_reward_now,0.16,26,0,2,1,0,18,true
EML0163,bobsmith@partner.org,BobSmith,user3@example.com,monthly_report_shared,0.74,2891,1,1,0,17,3,false
EML0164,quickloans@quickloan-now.biz,QuickLoans,user4@example.com,verify_password_immediately,0.24,32,1,0,1,1,20,true
EML0165,carollee@school.edu,CarolLee,team@example.com,please_confirm_availability,0.8,2925,0,3,0,8,5,false
EML0166,cryptosignals@secure-alerts.info,CryptoSignals,user1@example.com,loan_approved_apply_now,0.32,38,0,2,1,2,22,true
EML0167,davidkim@bank.com,DavidKim,user2@example.com,invoice_attached_for_review,0.86,2959,1,5,0,10,7,false
EML0168,flashdeals@mail-prize.click,FlashDeals,user3@example.com,payment_failed_update_card,0.4,44,1,0,1,3,24,true
EML0169,emmadavis@shop.net,EmmaDavis,user4@example.com,order_shipped_tomorrow,0.92,2993,1,1,0,12,2,false
EML0170,supportcenter@freegift-now.co,SupportCenter,team@example.com,exclusive_crypto_profit,0.08,4,0,2,1,4,26,true
EML0171,frankmoore@company.com,FrankMoore,user1@example.com,timesheet_reminder_today,0.68,3027,0,3,1,14,4,false
EML0172,billingteam@winner-offers.net,BillingTeam,user2@example.com,claim_gift_card_today,0.16,10,1,0,1,5,28,true
EML0173,gracehall@partner.org,GraceHall,user3@example.com,project_status_update,0.74,3061,1,5,0,16,6,false
EML0174,luckydraw@quickloan-now.biz,LuckyDraw,user4@example.com,login_required_avoid_suspension,0.24,16,0,2,1,22,30,true
EML0175,henryclark@school.edu,HenryClark,team@example.com,schedule_call_next_week,0.8,3095,1,1,0,18,1,false
EML0176,rewarddesk@secure-alerts.info,RewardDesk,user1@example.com,you_won_confirm_details,0.32,22,1,0,1,23,7,true
EML0177,ivyturner@bank.com,IvyTurner,user2@example.com,meeting_notes_review,0.86,3129,0,3,0,9,3,false
EML0178,prizedesk@mail-prize.click,PrizeDesk,user3@example.com,urgent_claim_reward_now,0.4,28,0,2,1,0,9,true
EML0179,jackwright@shop.net,JackWright,user4@example.com,monthly_report_shared,0.92,3163,1,5,0,11,5,false
EML0180,quickloans@freegift-now.co,QuickLoans,team@example.com,verify_password_immediately,0.08,34,1,0,1,1,11,true
EML0181,alicejohnson@company.com,AliceJohnson,user1@example.com,please_confirm_availability,0.68,3197,1,1,1,13,7,false
EML0182,cryptosignals@winner-offers.net,CryptoSignals,user2@example.com,loan_approved_apply_now,0.16,40,0,2,1,2,13,true
EML0183,bobsmith@partner.org,BobSmith,user3@example.com,invoice_attached_for_review,0.74,3231,0,3,0,15,2,false
EML0184,flashdeals@quickloan-now.biz,FlashDeals,user4@example.com,payment_failed_update_card,0.24,0,1,0,1,3,15,true
EML0185,carollee@school.edu,CarolLee,team@example.com,order_shipped_tomorrow,0.8,3265,1,5,0,17,4,false
EML0186,supportcenter@secure-alerts.info,SupportCenter,user1@example.com,exclusive_crypto_profit,0.32,6,0,2,1,4,17,true
EML0187,davidkim@bank.com,DavidKim,user2@example.com,timesheet_reminder_today,0.86,3299,1,1,0,8,6,false
EML0188,billingteam@mail-prize.click,BillingTeam,user3@example.com,claim_gift_card_today,0.4,12,1,0,1,5,19,true
EML0189,emmadavis@shop.net,EmmaDavis,user4@example.com,project_status_update,0.92,3333,0,3,0,10,1,false
EML0190,luckydraw@freegift-now.co,LuckyDraw,team@example.com,login_required_avoid_suspension,0.08,18,0,2,1,22,21,true
EML0191,frankmoore@company.com,FrankMoore,user1@example.com,schedule_call_next_week,0.68,3367,1,5,1,12,3,false
EML0192,rewarddesk@winner-offers.net,RewardDesk,user2@example.com,you_won_confirm_details,0.16,24,1,0,1,23,23,true
EML0193,gracehall@partner.org,GraceHall,user3@example.com,meeting_notes_review,0.74,3401,1,1,0,14,5,false
EML0194,prizedesk@quickloan-now.biz,PrizeDesk,user4@example.com,urgent_claim_reward_now,0.24,30,0,2,1,0,25,true
EML0195,henryclark@school.edu,HenryClark,team@example.com,monthly_report_shared,0.8,3435,0,3,0,16,7,false
EML0196,quickloans@secure-alerts.info,QuickLoans,user1@example.com,verify_password_immediately,0.32,36,1,0,1,1,27,true
EML0197,ivyturner@bank.com,IvyTurner,user2@example.com,please_confirm_availability,0.86,3469,1,5,0,18,2,false
EML0198,cryptosignals@mail-prize.click,CryptoSignals,user3@example.com,loan_approved_apply_now,0.4,42,0,2,1,2,29,true
EML0199,jackwright@shop.net,JackWright,user4@example.com,invoice_attached_for_review,0.92,3503,1,1,0,9,4,false
EML0200,flashdeals@freegift-now.co,FlashDeals,team@example.com,payment_failed_update_card,0.08,2,1,0,1,3,6,true
