WorkoutId,DurationMinutes,DistanceKm,AverageHeartRateBpm
A,30,4,135
B,45,6,150
C,20,2,115
E,35,4.5,140
F,50,7,152
G,15,1.2,108
H,60,8.5,155
I,25,2.8,128
J,40,5.2,142
K,55,7.5,148
W011,18,1.5,112
W012,32,3.8,132
W013,48,6.4,149
W014,22,2.1,119
W015,65,9.2,157
W016,28,3.3,130
W017,42,5.8,146
W018,16,1.1,105
W019,52,7.4,153
W020,38,4.6,137
W021,24,2.6,124
W022,70,10.5,160
W023,34,4.1,136
W024,46,6.8,151
W025,12,0.9,102
W026,58,8.1,154
W027,26,2.9,127
W028,44,5.5,141
W029,36,4.8,139
W030,80,11.6,158
W031,20,1.7,114
W032,33,4.2,138
W033,49,7.1,154
W034,23,2.4,123
W035,66,8.8,149
W036,29,3.7,134
W037,43,6.1,148
W038,17,1.4,110
W039,53,7.8,157
W040,39,4.9,140
W041,25,2.3,118
W042,72,10.9,162
W043,35,4.6,141
W044,47,6.2,145
W045,14,1.2,108
W046,59,8.7,158
W047,27,3.4,133
W048,45,5.9,144
W049,37,5.2,147
W050,82,12.3,163
W051,21,2.2,122
W052,31,3.5,129
W053,51,7.6,155
W054,24,2.8,128
W055,68,9.7,156
W056,30,4.1,140
W057,41,5.3,141
W058,19,1.6,113
W059,54,7.2,147
W060,40,5.7,150
W061,26,3.1,130
W062,74,11.4,164
W063,36,4.3,135
W064,48,7.3,156
W065,15,1.4,112
W066,61,8.6,153
W067,28,3.6,136
W068,46,6.5,149
W069,38,5.4,148
W070,85,12.8,161
W071,22,1.9,116
W072,34,4.4,139
W073,50,6.7,148
W074,25,3,131
W075,67,10.1,161
W076,31,3.9,135
W077,44,6.3,150
W078,18,1.3,109
W079,56,8.2,155
W080,42,5.6,143
W081,27,2.7,121
W082,76,10.8,155
W083,37,4.9,142
W084,49,7.5,158
W085,13,1,104
W086,62,9.3,160
W087,29,3.2,126
W088,47,6.9,152
W089,39,5.1,141
W090,88,13.4,164
W091,23,2.5,125
W092,35,3.9,130
W093,52,7.9,159
W094,26,3.3,134
W095,69,9.5,152
W096,32,4.3,141
W097,45,6.4,149
W098,20,1.8,115
W099,57,8.5,158
W100,43,5.4,138
W101,28,3.1,128
W102,78,11.9,163
W103,38,5,144
W104,50,7.2,153
W105,16,1.5,113
W106,63,8.9,154
W107,30,3.8,137
W108,48,6.6,147
W109,40,5.9,152
W110,90,13.1,159
W111,24,2,116
W112,36,4.7,142
W113,53,7.5,152
W114,27,3.5,137
W115,71,10.6,158
W116,33,4,134
W117,46,6.7,152
W118,21,1.9,118
W119,58,8.3,154
W120,44,6,146
W121,29,2.8,122
W122,75,11.7,166
W123,39,5.3,146
W124,51,6.9,149
W125,17,1.6,115
W126,64,9.6,161
W127,31,4.2,143
W128,49,7,151
W129,41,5.1,138
W130,84,12.6,160
W131,25,2.7,126
W132,37,4.4,136
W133,54,8,156
W134,28,3.8,141
W135,73,10.2,153
W136,34,4.5,142
W137,47,6.1,142
W138,22,2.3,123
W139,59,8.9,161
W140,45,6.2,147
W141,30,3.4,129
W142,77,11.2,158
W143,40,5.5,145
W144,52,7.7,156
W145,18,1.7,116
W146,65,9.1,152
W147,32,3.6,130
W148,50,7.4,155
W149,42,6.2,153
W150,86,13.2,165
W151,26,2.4,119
W152,38,5.1,144
W153,55,7.3,146
W154,29,3.9,140
W155,70,10.8,164
W156,35,4.2,136
W157,48,6.9,151
W158,23,2.1,117
W159,60,8.4,151
W160,46,6.8,154
W161,31,3.7,133
W162,79,12.2,165
W163,41,5.6,146
W164,53,8.1,159
W165,19,1.8,118
W166,66,9.8,159
W167,33,4.4,140
W168,51,7.1,150
W169,43,5.7,142
W170,81,11.8,157
W171,27,3.2,132
W172,39,4.7,137
W173,56,8.4,158
W174,30,3.5,131
W175,72,10,151
W176,36,4.9,145
W177,49,6.5,146
W178,24,2.6,125
W179,61,9,157
W180,47,6.4,147
W181,32,4.1,138
W182,80,12.5,167
W183,42,5.8,147
W184,54,7.6,151
W185,20,1.5,107
W186,67,9.4,153
W187,34,4.8,146
W188,52,7.8,158
W189,44,5.9,144
W190,83,12,156
W191,28,2.6,120
W192,40,5.4,143
W193,57,8,152
W194,31,4.4,146
W195,74,11.1,160
W196,37,4.6,139
W197,50,7.6,159
W198,25,2.2,116
W199,62,8.8,154
W200,48,7,153
W201,33,3.8,131
W202,82,12.7,166
W203,43,6,147
W204,55,8.3,158
W205,21,2,119
W206,68,10.2,162
W207,35,4.7,143
W208,53,7.4,150
W209,45,6.6,153
W210,87,13,161
W211,29,3,125
W212,41,5.2,139
W213,58,8.6,157
W214,32,4.5,145
W215,76,10.7,154
W216,38,4.8,140
W217,51,7.9,161
W218,26,2.5,121
W219,63,9.5,160
W220,49,6.7,148
W221,34,4.3,137
W222,84,12.1,155
W223,44,6.2,149
W224,56,7.8,150
W225,22,1.8,112
W226,69,10.4,163
W227,36,5,148
W228,54,8.2,160
W229,46,6.3,147
W230,89,13.5,162
W231,30,3.2,126
W232,42,5.5,141
W233,59,8.2,150
W234,33,4.6,144
W235,78,11.6,159
W236,39,5.2,143
W237,52,7,147
W238,27,2.9,127
W239,64,9.2,155
W240,50,7.3,154
W241,35,4,132
W242,86,13.3,165
W243,45,6.1,145
W244,57,8.7,160
W245,23,2.2,121
W246,70,9.9,154
W247,37,5.1,147
W248,55,7.9,153
W249,47,6.8,151
W250,90,13.8,164
W251,31,3.6,131
W252,43,5.6,140
W253,60,9.1,160
W254,34,4.9,149
W255,75,10.4,151
W256,40,5.1,139
W257,53,8.2,162
W258,28,2.7,122
W259,65,9.7,159
W260,51,7.5,155
W261,36,4.2,133
W262,81,12.4,164
W263,46,6.6,151
W264,58,8,149
W265,24,2.3,119
W266,71,10.9,164
W267,38,5.3,147
W268,56,8.1,153
W269,48,6.4,145
W270,85,12.2,157
W271,32,3.4,127
W272,44,5.8,142
W273,61,8.5,152
W274,35,4.8,146
W275,77,11.8,162
W276,41,5.9,151
W277,54,7.3,147
W278,29,3.1,125
W279,66,10,162
W280,52,7.2,149
W281,37,4.5,137
W282,83,12.9,167
W283,47,6.7,150
W284,59,9,162
W285,25,2.4,121
W286,72,10.3,156
W287,39,5.5,149
W288,57,7.9,150
W289,49,7.2,153
W290,88,12.7,157
W291,33,3.9,134
W292,45,5.7,139
W293,62,9.4,161
W294,36,4.8,143
W295,79,11.5,158
W296,42,6,150
W297,55,8.4,160
W298,30,2.9,123
W299,67,9.6,155
W300,60,8.8,157
